{
    "model": {
        "type_map": [
            "C"
        ],
        "descriptor": {
            "type": "se_atten",
            "sel": 4,
            "rcut_smth": 4.0,
            "rcut": 6.0,
            "neuron": [
                32,
                64,
                128
            ],
            "axis_neuron": 32,
            "resnet_dt": false,
            "seed": 1,
            "activation_function": "tanh",
            "type_one_side": false,
            "precision": "default",
            "trainable": true,
            "exclude_types": [],
            "attn": 128,
            "attn_layer": 2,
            "attn_dotr": true,
            "attn_mask": false,
            "stripped_type_embedding": false,
            "smooth_type_embdding": false,
            "set_davg_zero": true
        },
        "fitting_net": {
            "neuron": [
                512,
                512,
                512
            ],
            "resnet_dt": true,
            "seed": 1,
            "type": "ener",
            "numb_fparam": 0,
            "numb_aparam": 0,
            "activation_function": "tanh",
            "precision": "default",
            "trainable": true,
            "rcond": null,
            "atom_ener": [],
            "use_aparam_as_mask": false
        },
        "data_stat_nbatch": 10,
        "data_stat_protect": 0.01,
        "data_bias_nsample": 10,
        "srtab_add_bias": true,
        "type": "standard",
        "compress": {
            "model_file": "graph.pb",
            "min_nbor_dist": 0.9272800305193679,
            "table_config": [
                5,
                0.01,
                0.1,
                -1
            ],
            "type": "se_e2_a"
        }
    },
    "learning_rate": {
        "type": "exp",
        "decay_steps": 5000,
        "start_lr": 0.001,
        "stop_lr": 1e-08,
        "scale_by_worker": "linear"
    },
    "loss": {
        "type": "ener",
        "start_pref_e": 0.02,
        "limit_pref_e": 1,
        "start_pref_f": 100,
        "limit_pref_f": 100,
        "start_pref_v": 0.1,
        "limit_pref_v": 1.0,
        "start_pref_ae": 0.0,
        "limit_pref_ae": 0.0,
        "start_pref_pf": 0.0,
        "limit_pref_pf": 0.0,
        "enable_atom_ener_coeff": false,
        "start_pref_gf": 0.0,
        "limit_pref_gf": 0.0,
        "numb_generalized_coord": 0
    },
    "training": {
        "training_data": {
            "systems": [
                "/home/malogunov/GPUMD_proj/Diamond/DeePMD_potential/deepmd_v1/C64",
                "/home/malogunov/GPUMD_proj/Diamond/DeePMD_potential/deepmd_v1/C70",
                "/home/malogunov/GPUMD_proj/Diamond/DeePMD_potential/deepmd_v1/C73",
                "/home/malogunov/GPUMD_proj/Diamond/DeePMD_potential/deepmd_v1/C77",
                "/home/malogunov/GPUMD_proj/Diamond/DeePMD_potential/deepmd_v1/C78",
                "/home/malogunov/GPUMD_proj/Diamond/DeePMD_potential/deepmd_v1/C81",
                "/home/malogunov/GPUMD_proj/Diamond/DeePMD_potential/deepmd_v1/C82",
                "/home/malogunov/GPUMD_proj/Diamond/DeePMD_potential/deepmd_v1/C83",
                "/home/malogunov/GPUMD_proj/Diamond/DeePMD_potential/deepmd_v1/C84",
                "/home/malogunov/GPUMD_proj/Diamond/DeePMD_potential/deepmd_v1/C86",
                "/home/malogunov/GPUMD_proj/Diamond/DeePMD_potential/deepmd_v1/C87",
                "/home/malogunov/GPUMD_proj/Diamond/DeePMD_potential/deepmd_v1/C88",
                "/home/malogunov/GPUMD_proj/Diamond/DeePMD_potential/deepmd_v1/C89"
            ],
            "batch_size": "auto",
            "set_prefix": "set",
            "auto_prob": "prob_sys_size",
            "sys_probs": null
        },
        "numb_steps": 10000,
        "seed": 10,
        "disp_file": "lcurve.out",
        "disp_freq": 1000,
        "save_freq": 10000,
        "validation_data": null,
        "save_ckpt": "model-compression/model.ckpt",
        "max_ckpt_keep": 5,
        "disp_training": true,
        "time_training": true,
        "profiling": false,
        "profiling_file": "timeline.json",
        "enable_profiler": false,
        "tensorboard": false,
        "tensorboard_log_dir": "log",
        "tensorboard_freq": 1
    }
}