{
    "_comment": " model parameters",
    "model": {
    "type_map" : ["C"],
    "descriptor": {
      "type": "se_atten",
      "sel": 4,
      "rcut_smth": 4.0,
      "rcut": 6.0,
      "neuron": [32, 64, 128],
      "axis_neuron": 32,
      "resnet_dt": false,
      "seed": 1
    },
    "fitting_net": {
      "neuron": [512, 512, 512],
      "resnet_dt": true,
      "seed": 1
    }
    },
    "learning_rate" :{
	"type":		"exp",
	"decay_steps":	5000,
	"start_lr":	0.001,	
	"stop_lr":	1e-8,
	"_comment":	"that's all"
    },

    "loss" :{
	"type":		"ener",
	"start_pref_e":	0.02,
	"limit_pref_e":	1,
	"start_pref_f":	100,
	"limit_pref_f":	100,
	"start_pref_v":	0.1,
	"limit_pref_v":	1.0,
	"_comment":	" that's all"
    },

    "training" : {
	"training_data": {
	    "systems":		["/home/malogunov/GPUMD_proj/Diamond/DeePMD_potential/deepmd_v1/C64", "/home/malogunov/GPUMD_proj/Diamond/DeePMD_potential/deepmd_v1/C70", "/home/malogunov/GPUMD_proj/Diamond/DeePMD_potential/deepmd_v1/C73", "/home/malogunov/GPUMD_proj/Diamond/DeePMD_potential/deepmd_v1/C77", "/home/malogunov/GPUMD_proj/Diamond/DeePMD_potential/deepmd_v1/C78", "/home/malogunov/GPUMD_proj/Diamond/DeePMD_potential/deepmd_v1/C81", "/home/malogunov/GPUMD_proj/Diamond/DeePMD_potential/deepmd_v1/C82", "/home/malogunov/GPUMD_proj/Diamond/DeePMD_potential/deepmd_v1/C83", "/home/malogunov/GPUMD_proj/Diamond/DeePMD_potential/deepmd_v1/C84", "/home/malogunov/GPUMD_proj/Diamond/DeePMD_potential/deepmd_v1/C86", "/home/malogunov/GPUMD_proj/Diamond/DeePMD_potential/deepmd_v1/C87", "/home/malogunov/GPUMD_proj/Diamond/DeePMD_potential/deepmd_v1/C88", "/home/malogunov/GPUMD_proj/Diamond/DeePMD_potential/deepmd_v1/C89"],
	    "batch_size":	"auto",
	    "_comment":		"that's all"
	},
	"numb_steps":	10000,
	"seed":		10,
	"disp_file":	"lcurve.out",
	"disp_freq":	1000,
	"save_freq":	10000,
	"_comment":	"that's all"
    },    

    "_comment":		"that's all"
}

